{"cameraMode":{"drawMode":0,"name":"Shaded","section":"Shading Mode"},"sceneLighting":false,"audioPlay":false,"sceneViewState":{"showFog":true,"showMaterialUpdate":false,"showSkybox":false,"showFlares":true,"showImageEffects":true,"showParticleSystems":true},"in2DMode":false,"pivot":{"x":-0.08468896150588989,"y":0.04334217309951782,"z":-0.023082494735717775},"rotation":{"x":-0.49897438287734988,"y":0.08628709614276886,"z":0.05001407116651535,"w":0.8608592748641968},"size":35.50906753540039,"orthographic":true}