{"cameraMode":{"drawMode":0,"name":"Shaded","section":"Shading Mode"},"sceneLighting":false,"audioPlay":false,"sceneViewState":{"showFog":true,"showMaterialUpdate":false,"showSkybox":false,"showFlares":true,"showImageEffects":true,"showParticleSystems":true},"in2DMode":false,"pivot":{"x":2.3731837272644045,"y":16.869585037231447,"z":-0.24806737899780274},"rotation":{"x":-0.3765909671783447,"y":0.22892023622989655,"z":-0.0966000184416771,"w":-0.8924388289451599},"size":93.32106018066406,"orthographic":false}