{"cameraMode":{"drawMode":0,"name":"Shaded","section":"Shading Mode"},"sceneLighting":false,"audioPlay":false,"sceneViewState":{"showFog":true,"showMaterialUpdate":false,"showSkybox":false,"showFlares":true,"showImageEffects":true,"showParticleSystems":true},"in2DMode":false,"pivot":{"x":-0.0000019073486328125,"y":-13.778299331665039,"z":-1.1386895179748536},"rotation":{"x":0.025183355435729028,"y":0.0185905322432518,"z":0.0004683035658672452,"w":-0.9995110630989075},"size":41.95039749145508,"orthographic":false}